category_desc;category
PRIVADO;1
PUBLICO;2
UNIVERSIDAD;3
GUARDERIA;4
EDUCACION;5
EDUCACION_REGLADA;6
COLEGIO_PUBLICO;7
COLEGIO_PRIVADO;8
EDUCACION_INFANTIL;9
COLEGIO;10
ACADEMIA;11
AUTOESCUELAS;12
OTRA_EDUCACION;13
MEDICOS;14
ENFERMEROS;15
ABOGADOS;16
FARMACEUTICOS;17
REGISTRADORES;18
APAREJADORES;19
DENTISTAS;20
VETERINARIOS;21
ARQUITECTOS;22
PROCURADORES;23
FISIOTERAPEUTAS;24
PILOTOS;25
SOFTWARE;26
TELEFONIA;27
ACNUR;28
IMPUESTO;29
ENERGIA;30
SUSCRIPCION;31
SEGUROS;32
GAS;33
SUMINISTROS;34
AGUA;35
SEGURIDAD;36
LIMPIEZA;37
TINTORERIA_LAVANDERIA;38
APLICACIONES;39
PARQUE_ATRACCIONES;40
JOYERIA;41
SOC_ANONIMA;42
SOC_LIMITADA;43
SOC_COLECTIVA;44
SOC_COMANDITARIAS;45
COMUNIDAD_BIENES;46
SOC_COOPERATIVAS;47
ASOCIACIONES;48
COMUNIDAD_PROP;49
SOC_CIVIL;50
AYUNTAMIENTO;51
ORGANISMO_PUBLICO;52
INSTITUCIONES_RELIGIOSAS;53
ESTATAL_CCAA;54
UTE;55
OTROS_COMERCIOS;56
OTROS_COMERCIOS_EXTRANJEROS;57
PRESTAMO;58
PLATAFORMA_ONLINE;59
CINE;60
COINC;61
RRSS;62
VENTA_ELECTRONICA;63
VIDEOJUEGOS;64
GOIN;65
GREENPEACE;66
ENTRETENIMIENTO_ONLINE;67
FARMACIAS;68
SUPERMERCADO;69
ACTIVIDADES_RECREATIVAS;70
TEATRO;71
MUSEOS;72
ESPECTACULOS;73
PAYPAL;74
MODA_FRANQUICIA;75
FINTECH;76
VENDING;77
MEDIO_PAGO;78
GRANDES_ALMACENES;79
